Assembly	Illumina coverage	PacBio coverage	Contamination	Total length	Correct length	Ambiguous length	Misassembled length	Unaligned length	Others_length	Total contigs	Correct contigs	Ambiguous contigs	Misassembled contigs	Unaligned contigs	Others contigs	Max contig length	Max good contig length	N50 all	N50 good contigs	%Plasmids coverage	Number plasmids complete	Plasmids complete length	%Plasmids complete (length)	Contamination length	Number contaminated contigs
hybridspades	10X	1X	0%	210377746	187218272	8791667	14367807	0	0	12141	10221	1600	320	0	0	538366	534238	55607	53853	84.78997	605	20252281	8.124405548538977	0	0
unicycler	10X	1X	0%	209774996	173263205	6191286	30316910	3595	0	8062	6482	988	589	3	0	752078	752078	86228	82519	77.184	685	30106510	12.07752829872073	0	0
hybridspades	10X	5X	0%	213699173	189562468	6394844	17741861	0	0	8259	7004	957	298	0	0	737940	737940	88625	87465	83.71233	748	33025231	13.248402487511477	0	0
unicycler	10X	5X	0%	211679873	162009636	5443062	44223580	3595	0	5498	4204	753	538	3	0	1848068	1848068	161620	148453	72.09999	889	69574409	27.910471640992938	0	0
hybridspades	10X	0.5X	0%	209730275	189537461	9909884	10282930	0	0	13243	11002	1971	270	0	0	536288	536288	51176	50331	86.77081	566	17517718	7.027408187598281	0	0
unicycler	10X	0.5X	0%	208934694	176057686	6773254	26100159	3595	0	9409	7643	1125	638	3	0	606349	577073	70220	68225	78.61915	613	22387026	8.980779905714638	0	0
